Model,RMSE,MAE
User-Based CF,1.0192448213999996,0.8084088801495758
Item-Based CF,1.0174621775445891,0.8090550761846756
SVD Matrix Factorization,2.875533297853941,2.606916743304939
